COSMOS 1363,13166,01/07/2020 05:00:00
DELTA 1 R/B,4322,01/07/2020 05:06:40
COSMOS 2118,21032,01/07/2020 05:07:16
COSMOS 2118,21032,01/07/2020 05:07:52
COSMOS 2118,21032,01/07/2020 05:08:29
FENGYUN 1C DEB,39540,01/07/2020 05:09:05
COSMOS 1823 DEB,39813,01/07/2020 05:09:41
COSMOS 1823 DEB,39813,01/07/2020 05:10:18
COSMOS 1823 DEB,39813,01/07/2020 05:10:54
COSMOS 1823 DEB,39813,01/07/2020 05:11:30
DELTA 1 DEB,7200,01/07/2020 05:12:07
COSMOS 1823 DEB,39813,01/07/2020 05:12:07
SL-14 DEB,19178,01/07/2020 05:12:43
GLOBALSTAR M067,32263,01/07/2020 05:16:58
GLOBALSTAR M067,32263,01/07/2020 05:17:34
DELTA 1 DEB,10840,01/07/2020 05:20:00
DELTA 1 DEB,10712,01/07/2020 05:29:41
DELTA 1 DEB,10712,01/07/2020 05:30:18
COSMOS 1160,11695,01/07/2020 05:30:18
COSMOS 1160,11695,01/07/2020 05:30:54
COSMOS 1160,11695,01/07/2020 05:31:30
COSMOS 1160,11695,01/07/2020 05:32:07
SL-8 DEB,21160,01/07/2020 05:33:56
OPS 4682 DEB,38416,01/07/2020 05:35:09
DELTA 1 DEB,10648,01/07/2020 05:38:10
FENGYUN 1C DEB,32456,01/07/2020 05:38:10
DELTA 1 DEB,7051,01/07/2020 05:40:00
DELTA 1 DEB,7093,01/07/2020 05:40:00
DELTA 1 DEB,10649,01/07/2020 05:40:00
DELTA 1 DEB,7051,01/07/2020 05:40:36
THORAD DELTA 1 DEB,42625,01/07/2020 05:41:12
THORAD DELTA 1 DEB,42625,01/07/2020 05:41:49
DELTA 1 DEB,21347,01/07/2020 05:43:01
H-1 R/B(MABES),16910,01/07/2020 05:44:14
H-1 R/B(MABES),16910,01/07/2020 05:44:50
H-1 R/B(MABES),16910,01/07/2020 05:45:27
TBA - TO BE ASSIGNED,18870,01/07/2020 05:45:27
H-1 R/B(MABES),16910,01/07/2020 05:46:03
H-1 R/B(MABES),16910,01/07/2020 05:46:40
H-1 R/B(MABES),16910,01/07/2020 05:47:16
COSMOS 1823 DEB,18755,01/07/2020 05:47:16
COSMOS 1823 DEB,18755,01/07/2020 05:47:52
COSMOS 2491 DEB,45172,01/07/2020 05:47:52
DELTA 1 DEB,10645,01/07/2020 05:48:29
COSMOS 680,7438,01/07/2020 05:49:05
COSMOS 680,7438,01/07/2020 05:49:41
TITAN 3D DEB,6823,01/07/2020 05:50:18
COSMOS 2143,21299,01/07/2020 05:50:18
COSMOS 2160,21731,01/07/2020 05:50:18
GONETS D1 2,23788,01/07/2020 05:50:18
TBA - TO BE ASSIGNED,44383,01/07/2020 05:50:18
TITAN 3D DEB,6823,01/07/2020 05:50:54
COSMOS 2143,21299,01/07/2020 05:50:54
COSMOS 2160,21731,01/07/2020 05:50:54
GONETS D1 2,23788,01/07/2020 05:50:54
DELTA 1 DEB,7016,01/07/2020 05:52:43
THOR ABLESTAR DEB,20174,01/07/2020 05:52:43
SL-8 R/B,11051,01/07/2020 05:53:56
TBA - TO BE ASSIGNED,7684,01/07/2020 05:54:32
TBA - TO BE ASSIGNED,10874,01/07/2020 05:54:32
SL-8 R/B,11051,01/07/2020 05:54:32
SL-8 R/B,11051,01/07/2020 05:55:09
SL-8 R/B,11051,01/07/2020 05:55:45
THORAD DELTA 1 DEB,8399,01/07/2020 05:56:21
THORAD DELTA 1 DEB,8399,01/07/2020 05:56:58
